"Pos","Driver","Location","Region","Club","Starts","Wins","Avg Start","Avg Finish","Avg Pts per Race","Top 25%","Avg Field Size","Laps","Laps Lead","Avg Inc","Class","iRating","ttRating","Club Pts","Total Pts","CustId"
"1","Artur Turcu","DE","Region 4","Central-Eastern Europe","2","1","1","2","116","2","11","90","85","0","C 4.99","2950","1887","15","231","15378"
"2","George Sandman","US","Region 1","California Club","20","1","7","7","67","6","18","1256","36","3.7","C 4.99","2005","1355","79","1339","17371"
"3","Lorne Manary","CA","Region 2","Canada","255","8","6","6","66","44","12","9775","343","1.96","C 4.99","2118","1340","387","16751","25746"
"4","Garrick Stapleton","US","Region 1","Mid-South","105","0","7","6","58","10","12","3906","5","1.89","C 4.99","2084","1505","355","6119","234325"
"5","Andre Ortiz","US","Region 1","Florida","148","9","6","7","42","24","12","4906","388","2.74","C 4.99","2292","1449","497","6156","268190"
"6","Steven Jones","GB","Region 3","UK and I","54","6","4","4","86","16","11","2342","303","2.06","C 4.81","2907","1749","203","4656","25165"
"7","Gergo Fonódi","HU","Region 4","Central-Eastern Europe","27","0","9","8","69","5","17","1353","24","2.3","C 4.81","2146","1372","59","1854","44384"
"8","Carl Modoff","US","Region 3","West","67","14","5","5","85","24","11","2721","579","1.9","C 4.71","2803","1332","244","5723","26823"
"9","Bret Rietow","US","Region 1","New York","26","7","3","4","90","20","18","862","295","1.15","C 4.64","2683","1349","98","2348","109227"
"10","Jonathan Brooks2","US","Region 1","Mid-South","64","3","7","9","54","13","19","1928","60","2.91","C 4.61","2016","1350","19","3475","365784"
"11","Jason Harwood","US","Region 1","Carolina","46","1","8","6","63","9","12","2001","33","2.52","C 4.57","2060","1455","118","2877","29480"
"12","Tanner Baldwin","US","Region 1","New York","36","4","11","7","51","14","16","1049","192","2.61","C 4.57","2017","1350","46","1840","286531"
"13","Scott U'Ren","AU","Region 1","Australia/NZ","20","2","7","6","79","5","13","813","71","2.7","C 4.52","2160","1600","61","1572","17193"
"14","Tobias Olsson3","SE","N/A","Scandinavia","45","5","7","7","57","12","15","1365","154","3.07","C 4.51","2160","1350","131","2573","235588"
"15","Chris Pasteryak","US","Region 6","Connecticut","35","2","7","6","68","8","12","1797","111","2.66","C 4.49","2172","1337","82","2372","16515"
"16","Stephen Bair","US","Region 3","West","28","2","9","7","62","9","15","830","53","3.07","C 4.46","2114","1600","74","1745","21863"
"17","Patrick Groover2","US","Region 4","Pennsylvania","49","12","4","5","78","26","17","1223","321","2.51","C 4.44","2873","1340","41","3834","346513"
"18","Martin Truex Jr","US","Southeastern","Carolina","8","5","4","3","86","6","11","357","233","2","C 4.43","2004","1663","51","690","15112"
"19","John Crabtree2","US","Region 2","Virginias","29","4","8","7","74","15","16","1075","75","2.1","C 4.33","2262","1350","63","2152","173074"
"20","Aaron Tan2","GB","Region 3","UK and I","262","26","6","6","61","108","16","7377","961","4.05","C 4.29","2643","1350","18","15944","293449"
"21","Mitchell Smith4","US","Region 3","Midwest","39","15","4","5","68","26","15","991","383","1.67","C 4.15","2439","1350","0","2646","207221"
"22","Rick Perone","US","Region 4","Pennsylvania","195","20","6","5","69","62","11","6967","739","2.54","C 4.11","2408","1316","499","13540","25631"
"23","Jordan Walk","US","Region 2","Virginias","76","6","6","6","68","22","13","2522","168","2.17","C 4.10","2608","1543","226","5130","287784"
"24","Kenneth Talbott","US","Region 1","Mid-South","58","2","7","9","61","16","19","2413","110","4.9","C 4.09","2169","1425","13","3516","409854"
"25","Gabe Hawkins","US","Region 2","Virginias","120","8","7","8","51","32","17","3061","221","3.5","C 3.97","2048","1350","27","6112","374244"
"26","Dorian Alhauari","FR","Region 5","France","55","3","10","9","56","17","19","1793","48","4.18","C 3.95","2039","1337","9","3053","283386"
"27","Sebastian Nielsen","DK","Region 7","Scandinavia","78","17","2","5","67","40","15","1927","498","2.59","C 3.95","2659","1350","0","5189","351805"
"28","Christopher Wade2","US","Region 1","Carolina","38","2","7","7","64","12","17","1036","20","2.05","C 3.87","2080","1350","2","2444","395116"
"29","Kenny B. Drew","US","Region 1","Florida","45","2","9","9","60","12","19","1407","59","3","C 3.87","2102","1344","44","2709","401514"
"30","Raymond Tieu","US","Region 2","California Club","33","3","7","7","61","7","17","1143","100","4.18","C 3.83","2093","1293","61","2020","83571"
"31","Ignacio Rodríguez","ES","Region 4","Iberia","30","7","5","7","63","15","17","1015","194","2.23","C 3.82","2079","1350","9","1881","368332"
"32","Eric Korolewski","US","Region 1","New York","46","2","11","8","65","9","18","1403","46","3.67","C 3.80","2142","1350","49","2968","374237"
"33","Chris Holbrook","US","Region 3","Georgia","341","31","7","8","59","78","14","13643","1380","3.19","C 3.79","2026","1131","921","19973","24397"
"34","John Vining","US","Region 3","Texas","42","1","9","7","67","12","17","1298","75","2.98","C 3.79","2203","1350","253","2820","407685"
"35","Dan Neice","US","Region 4","Indiana","648","72","10","10","46","166","19","24691","5200","5.04","C 3.78","2540","1157","1527","30126","139923"
"36","Derek Gansauer","US","Region 1","Carolina","20","7","5","4","88","13","18","585","134","2.9","C 3.78","2500","1350","3","1763","320479"
"37","Michael  Korody","US","Region 1","California Club","60","9","5","6","47","20","12","2186","412","4.22","C 3.77","2157","1342","162","2843","53925"
"38","Gordon Mercer","CA","Region 2","Canada","30","0","8","6","71","12","17","711","1","2.8","C 3.77","2223","1350","14","2138","93931"
"39","Aday Coba Lopez","ES","N/A","Iberia","29","6","5","7","67","14","17","1008","213","3.31","C 3.77","2124","1349","85","1938","119518"
"40","Nils Sentkowski","DE","N/A","DE-AT-CH","33","13","4","3","71","22","12","1354","506","3.18","C 3.77","2608","1350","178","2350","144826"
"41","James A Saunders","GB","N/A","UK and I","301","75","5","8","68","128","18","7797","2719","4.73","C 3.76","2968","1350","396","20572","187528"
"42","Blake Hamilton","US","Region 1","Mid-South","20","7","4","4","92","14","15","866","372","1.2","C 3.75","2404","1366","100","1838","66166"
"43","Sietse Boersma","NL","Region 5","Benelux","24","4","5","5","68","10","15","835","135","3.33","C 3.75","2202","1350","61","1634","301737"
"44","Christophe Sanchez","FR","Region 5","France","47","10","4","6","63","26","16","1071","171","2.94","C 3.75","2486","1327","44","2948","337070"
"45","Mikah Barnett","US","Region 1","Mid-South","130","1","10","8","61","38","17","3939","51","4.02","C 3.74","2331","1317","15","7958","106737"
"46","Damien Roux","FR","Region 5","France","125","6","9","9","57","34","18","4099","121","5.08","C 3.74","2089","1284","426","7117","332109"
"47","Fernand Frankignoul","BE","Region 5","Benelux","163","6","9","7","34","17","12","5115","146","4.36","C 3.73","2032","1196","239","5607","55723"
"48","Todd Sipe","US","Region 1","Florida","1025","83","5","7","62","292","14","43169","5387","3.09","C 3.73","2699","1239","2783","63669","131608"
"49","Paul Krumrei2","US","Region 3","Midwest","58","8","9","7","61","20","15","1880","157","3.33","C 3.73","2153","1264","38","3527","192725"
"50","Sergi Segarra","ES","N/A","Iberia","63","9","7","7","59","26","17","1345","142","3.51","C 3.73","2351","1330","98","3740","231275"
"51","Samuel Marek","CA","Region 2","Canada","110","5","7","8","52","27","17","3175","170","3.68","C 3.72","2293","1350","76","5685","333522"
"52","Alex Cummings","US","Region 1","Mid-South","83","2","9","8","54","17","16","2100","53","3.82","C 3.72","2021","1322","45","4503","335009"
"53","Garth Duffy","AU","Region 1","Australia/NZ","62","10","5","6","63","26","15","1640","113","2.77","C 3.71","2338","1351","92","3876","356416"
"54","Clay Dunbar2","US","Region 1","Mid-South","46","4","9","9","66","19","20","1427","74","2.83","C 3.71","2223","1350","27","3028","406824"
"55","Vernon Woodard","US","Region 5","New England","722","35","8","8","44","141","15","24372","1584","4.85","C 3.70","2071","1282","719","31644","266961"
"56","Tom Abromaitis","US","Region 3","Midwest","47","7","7","7","70","12","16","1478","157","3.68","C 3.70","2486","1350","70","3306","405796"
"57","Memphis Villarreal","US","N/A","Texas","2715","437","7","8","58","918","16","107766","21626","4.74","C 3.69","2413","1256","12817","157250","139121"
"58","Ruslan Bairamkulov","US","N/A","Central-Eastern Europe","37","4","7","6","62","14","15","1438","165","3.32","C 3.69","2161","1350","2","2285","187404"
"59","Danny Arch","US","Region 2","Ohio","63","6","5","6","58","17","11","2468","249","3.37","C 3.68","2028","1312","125","3651","75360"
"60","Brando Valeriano","ES","N/A","Iberia","50","7","7","8","59","17","16","1715","218","3.82","C 3.68","2153","1350","63","2951","171873"
"61","Devon Stove","CA","Region 1","Australia/NZ","222","11","8","8","40","39","14","7038","392","3.64","C 3.68","2415","1256","416","8918","232587"
"62","James Shanks","GB","Region 3","UK and I","39","6","6","5","79","20","16","1247","92","2.41","C 3.68","2774","1350","144","3092","347483"
"63","Pawel Szymanek","PL","N/A","Central-Eastern Europe","35","5","7","5","62","13","14","1034","120","3.83","C 3.66","2237","1323","116","2181","239055"
"64","Brody Garner","US","Region 4","Great Plains","85","6","9","10","68","30","20","2648","123","3.76","C 3.66","2418","1350","0","5804","418803"
"65","Austin Leamon","US","Region 1","Florida","536","37","8","8","52","112","16","17402","1522","4.8","C 3.65","2498","1316","630","27966","309252"
"66","Johannes Rojola","FI","Region 5","Finland","43","2","9","7","66","15","16","955","22","2.56","C 3.62","2146","1318","98","2833","62081"
"67","Aaron Deagnon","CA","Region 2","Canada","152","4","8","7","54","29","14","6160","274","4.3","C 3.62","2115","1350","325","8200","175952"
"68","Daniel Drako","BE","Region 5","Benelux","27","3","6","5","66","11","16","821","75","2.85","C 3.62","2171","1438","21","1790","276258"
"69","David Williams","GB","Region 3","UK and I","24","6","6","5","86","11","14","608","120","2.54","C 3.61","2602","1345","106","2074","16662"
"70","TJ Majors","US","Region 5","New England","13","8","2","4","92","10","16","486","262","1.54","C 3.61","2217","1350","33","1191","219285"
"71","Dino Topic","CA","Region 2","Canada","87","2","8","7","59","27","16","2518","25","5.37","C 3.60","2298","1209","80","5164","166318"
"72","Wilburn Calton","US","Region 1","Carolina","38","5","6","5","58","12","12","1025","166","2.42","C 3.60","2166","1319","101","2202","274005"
"73","Gabriel Alejandro Cantu2","AR","Region 7","Hispanoamérica","34","5","6","6","68","15","16","1110","219","3.59","C 3.60","2298","1350","31","2299","356409"
"74","Jones Cooley","US","Region 1","Carolina","37","13","8","8","71","18","20","930","278","2.7","C 3.60","2446","1345","8","2618","421368"
"75","PJ Popham","US","Region 4","Northwest","299","40","6","9","58","92","16","9058","1717","3.78","C 3.59","2129","1314","990","17343","273800"
"76","Rs Senter","US","Region 3","Georgia","262","58","6","7","49","90","13","7926","2232","5.18","C 3.58","2295","1373","837","12769","15676"
"77","William DeRivera","US","Region 4","Northwest","28","4","8","6","68","8","12","1047","119","1.57","C 3.58","2037","1316","80","1911","26290"
"78","Tae Kim","CA","Region 2","Canada","68","2","8","9","58","21","18","2092","94","4.69","C 3.58","2041","1288","32","3957","68369"
"79","Marc A Miller","US","Region 6","Michigan","79","9","12","8","53","21","16","2070","172","4.08","C 3.57","2039","1192","62","4178","86026"
"80","Rene Leclerc","DE","Region 2","DE-AT-CH","28","1","8","8","68","8","19","1007","68","3.86","C 3.57","2168","1400","37","1893","141031"
"81","Alexey Shelobanov","RU","Region 4","Central-Eastern Europe","42","5","7","6","60","16","14","1278","131","4.57","C 3.57","2038","1350","154","2513","304554"
"82","Janosch Brand","DE","Region 2","DE-AT-CH","32","2","8","6","59","10","15","892","31","2.13","C 3.57","2055","1350","31","1892","324068"
"83","Sam Oliver","US","Region 1","Mid-South","63","2","9","9","58","15","18","2266","85","4.22","C 3.57","2050","1303","41","3641","403919"
"84","Dylan Priestley","AU","Region 1","Australia/NZ","84","9","5","7","46","32","15","2251","422","4.14","C 3.56","2338","1307","189","3892","186769"
"85","Bryan J Bieniek","US","Region 3","Midwest","21","2","7","6","74","10","16","807","109","3.71","C 3.56","2177","1350","27","1563","304288"
"86","Bobby Timmons","US","Region 5","New England","533","65","7","7","62","147","13","20828","2698","4.15","C 3.55","2119","1330","837","33199","41997"
"87","Daniel Mesa Ramirez","ES","N/A","Iberia","65","9","8","6","64","29","16","1821","158","3.83","C 3.55","2649","1350","33","4144","170416"
"88","Chris M Scott","US","Region 1","Florida","25","4","6","8","61","10","20","727","124","2.84","C 3.54","2023","1292","16","1529","100877"
"89","António Ferreira","PT","N/A","Iberia","66","18","7","7","50","31","15","1750","441","2.71","C 3.54","2153","1315","12","3300","212458"
"90","Blake Follmer","US","Region 3","Midwest","76","12","6","7","59","26","14","2498","450","3.76","C 3.54","2417","1342","290","4510","302044"
"91","Jason Fraser","US","Region 4","Northwest","30","5","6","6","71","14","13","1251","258","1.93","C 3.53","2199","1488","68","2142","81680"
"92","Stefan Muijselaar2","NL","N/A","Benelux","41","4","9","8","59","16","17","1246","115","3.17","C 3.53","2033","1288","79","2433","106463"
"93","Donald Lafreniere","CA","Region 2","Canada","231","10","8","9","52","50","18","4341","226","4.4","C 3.53","2533","1313","24","11909","336719"
"94","Matt Urban","US","Region 3","Midwest","646","56","6","7","49","175","15","21943","2864","4.66","C 3.52","2491","1277","1365","31777","161708"
"95","Dylan Ritchie","CA","Region 2","Canada","173","13","9","8","57","46","15","6368","596","4.34","C 3.52","2239","1401","486","9887","190701"
"96","Diego Barredo2","ES","Region 4","Iberia","113","9","7","8","53","35","16","2688","251","4.65","C 3.52","2115","1264","0","5949","227156"
"97","Hampus Baaz","SE","Region 7","Scandinavia","72","5","6","7","66","25","16","1936","99","3","C 3.52","2419","1256","202","4731","261289"
"98","Jason Tay","SG","Region 7","Asia","20","2","8","5","74","8","17","697","11","3","C 3.52","2134","1350","311","1471","274870"
"99","Daniel Nyman","US","Region 6","New Jersey","33","11","3","5","94","23","19","809","221","3.15","C 3.52","2982","1350","36","3106","286608"
"100","Nicolas Gentil","FR","Region 5","France","58","3","9","7","63","21","16","1310","35","3.38","C 3.52","2290","1350","43","3628","312158"
"101","Michael Harrold","US","Region 4","Pennsylvania","105","6","7","7","49","21","14","2078","101","4.25","C 3.50","2076","1350","182","5151","264883"
"102","Joakim Braun","NO","Region 7","Scandinavia","14","2","6","6","76","8","19","625","136","3.21","C 3.50","2005","1350","50","1066","325754"
"103","Eddie Hartley","US","Region 4","Indiana","55","3","8","6","59","16","14","1514","89","2.78","C 3.49","2321","1350","32","3226","327032"
"104","Nicola De Val","IT","Region 6","Italy","35","3","5","7","63","15","18","1116","140","3.66","C 3.49","2054","1350","177","2219","337960"
"105","Shunsuke Teshima","JP","Region 7","Japan","32","3","6","5","60","11","13","1075","100","3.44","C 3.49","2092","1350","304","1904","405265"
"106","Timmy Solomito","US","Region 1","New York","39","6","7","6","61","12","11","1432","252","3.38","C 3.48","2021","1336","127","2398","17266"
"107","David Etheridge","US","Region 1","California Club","75","6","6","6","53","21","13","2990","337","3.11","C 3.48","2026","1359","143","3970","54234"
"108","John Mohnkern","US","Region 2","Ohio","165","8","7","8","52","47","17","4142","284","5","C 3.48","2030","1249","41","8551","303711"
"109","Christopher Hills2","US","Region 1","Carolina","239","18","9","8","45","52","16","9201","732","6.05","C 3.48","2264","1311","173","10840","353793"
"110","Bill Weinreich","US","Region 4","Pennsylvania","353","15","7","7","61","70","14","15622","924","3.84","C 3.47","2486","1409","1173","21527","94200"
"111","Corey Speiran","CA","N/A","Canada","87","7","7","6","69","40","16","2627","199","3.09","C 3.47","2680","1351","28","6024","144179"
"112","Sam D Blacklock","AU","Region 1","Australia/NZ","26","1","7","5","63","6","13","655","4","2.31","C 3.47","2046","1320","44","1640","246097"
"113","Aaron Wells","US","Region 1","California Club","879","140","7","7","52","242","13","29165","5725","3.44","C 3.46","2142","1508","1443","46070","24424"
"114","Zach Myers","US","Region 2","Ohio","498","44","7","7","60","152","14","18096","1813","5.61","C 3.46","2348","1158","1758","29765","105075"
"115","Davis Rochester","US","Region 1","Mid-South","332","35","6","8","49","89","15","9993","1783","3.17","C 3.46","2008","1193","795","16219","216835"
"116","Ethan Courter","US","Region 3","Midwest","35","6","7","6","73","21","17","869","101","2.77","C 3.46","2307","1350","7","2552","386249"
"117","Jelmer Kampen","NL","Region 5","Benelux","30","3","5","7","65","13","18","853","158","3.7","C 3.46","2111","1350","42","1947","389462"
"118","Jarrett Jones3","US","Region 1","Florida","107","10","7","9","54","34","17","3907","348","4.72","C 3.45","2363","1350","82","5740","389957"
"119","Eric Chaney","US","Region 4","Northwest","183","19","6","8","41","52","15","5411","771","7.67","C 3.44","2459","1294","72","7474","110236"
"120","Charles Ghazarian","CA","Region 2","Canada","33","3","7","7","67","10","17","1224","87","2.85","C 3.43","2113","1357","45","2212","32312"
"121","Andy Jones2","US","Region 5","Illinois","165","13","8","9","60","38","17","5817","563","4.23","C 3.43","2365","1350","475","9943","108690"
"122","Zackary Webster","US","Region 1","Mid-South","66","1","6","7","55","18","16","1866","57","3.24","C 3.43","2012","1313","13","3611","244982"
"123","Harry Smoak","US","Region 5","New England","35","13","3","4","82","18","14","1605","580","3.71","C 3.43","2803","1350","35","2865","349646"
"124","Leonardo Suarez","CO","Region 7","Hispanoamérica","39","3","7","6","61","16","16","1219","128","4","C 3.43","2252","1350","13","2385","362639"
"125","Arno Hoogenhuizen2","NL","N/A","Benelux","45","8","5","6","62","22","16","1005","228","2.93","C 3.42","2117","1316","102","2801","146671"
"126","Jorge Barrio","AR","Region 7","Hispanoamérica","58","7","6","8","58","20","17","1619","267","6","C 3.42","2178","1350","188","3369","309188"
"127","Daniel Garcia Elgarbay","ES","Region 4","Iberia","21","5","4","5","76","13","16","629","176","3.38","C 3.42","2265","1349","6","1586","329892"
"128","Timothy Lowery","US","Region 1","Carolina","171","9","11","10","44","36","19","5228","300","4.49","C 3.42","2328","994","104","7582","366519"
"129","Shawn Campbell","US","Region 5","Illinois","12","3","3","4","85","8","14","739","164","2.33","C 3.41","2155","1366","69","1019","20551"
"130","Joseph Bisson","US","Region 2","Virginias","38","4","4","6","69","12","13","1530","162","2.53","C 3.41","2220","1350","65","2617","59797"
"131","Caitlyn McDade","GB","Region 3","UK and I","60","6","8","8","56","18","16","1734","90","3.13","C 3.41","2066","1316","23","3386","107978"
"132","Lee Weatherford","US","Region 4","Great Plains","94","13","5","7","58","35","16","2908","450","5.24","C 3.41","2562","1317","293","5425","121324"
"133","Donni Hald Alfer-Henriksen","DK","Region 7","Scandinavia","43","4","9","6","58","13","15","1544","145","3.77","C 3.41","2225","1292","17","2483","144853"
"134","Carlos Cabral","PT","Region 4","Iberia","84","14","9","7","52","31","16","2778","363","5.27","C 3.41","2500","1360","27","4384","151589"
"135","Kevin A Brooks","US","Region 1","Florida","38","4","7","7","66","13","17","1269","63","4.05","C 3.41","2197","813","20","2490","379794"
"136","Thomas Miller13","US","Region 1","Carolina","52","7","6","8","62","20","18","1326","153","3.04","C 3.41","2277","1350","28","3207","406478"
"137","Norbi Kiss","HU","Region 4","Central-Eastern Europe","27","9","7","6","84","15","16","1024","289","4.15","C 3.40","2402","1350","148","2259","59638"
"138","Teagan Atkins","US","N/A","New England","528","37","7","7","64","127","14","21685","1589","5.11","C 3.40","2717","1354","1347","34015","250725"
"139","Zach Edelman","US","Region 1","Florida","466","12","11","10","38","88","18","16127","564","4.79","C 3.40","2015","1287","695","17775","290901"
"140","Kyle Stokes","AU","Region 1","Australia/NZ","32","2","6","6","59","12","16","1028","56","4.03","C 3.39","2048","1296","62","1872","211587"
"141","Eero Nomm","EE","N/A","Central-Eastern Europe","37","5","5","6","77","17","17","1436","262","2.97","C 3.38","2439","1301","45","2840","85279"
"142","Kyle Williams4","US","Region 4","Pennsylvania","156","5","6","8","55","30","15","7250","469","3.77","C 3.38","2119","1328","212","8582","124301"
"143","Ben Wheeler","US","Region 5","New England","49","2","7","6","59","16","13","1260","102","2.98","C 3.38","2144","1350","109","2893","258790"
"144","Anthony DiMaggio","US","Region 1","New York","387","19","9","10","66","85","18","12866","692","4.39","C 3.38","2232","1367","974","25509","292581"
"145","Alejandro J Martín","ES","Region 4","Iberia","38","5","7","6","53","14","14","1065","132","3.89","C 3.38","2013","1350","8","2014","296822"
"146","David Grafton","US","N/A","West","141","8","7","8","54","31","16","4283","156","3.6","C 3.37","2094","1302","194","7548","178519"
"147","Jorge Soligo","BR","Region 3","Brazil","30","4","8","7","64","12","18","952","119","3.9","C 3.37","2113","1350","33","1932","275363"
"148","Ryan Maximus Walker","CA","Region 2","Canada","36","0","9","7","59","5","16","1033","0","3.47","C 3.37","2014","1350","21","2132","370453"
"149","Brett Moffitt","US","Region 2","Midwest","50","7","6","7","57","16","14","1554","245","3.4","C 3.36","2220","1332","65","2874","24589"
"150","Victor Wagner","US","N/A","Mid-South","754","38","10","11","75","173","21","26423","1353","3.82","C 3.36","2350","1350","864","56878","293104"
"151","Hoang Do","US","Region 2","Ohio","121","11","5","7","61","44","17","3167","450","2.79","C 3.36","2357","1350","21","7331","328924"
"152","Jay Bart Cornelisse","NL","Region 5","Benelux","191","8","8","8","51","40","15","4079","162","3.7","C 3.35","2121","1350","227","9654","90641"
"153","James Osborne4","GB","Region 3","UK and I","102","18","7","7","46","38","14","2434","344","3.17","C 3.35","2067","1350","55","4688","230081"
"154","Austin Banas","US","Region 2","Ohio","445","36","9","11","57","114","20","14591","1749","5.05","C 3.35","2276","1309","196","25303","325637"
"155","Don Nickel","CA","Region 2","Canada","217","20","5","7","51","47","13","7714","1180","3.8","C 3.34","2305","1350","261","11062","348105"
"156","Jory Fleischauer","US","Region 2","Midwest","113","7","6","7","73","26","14","5077","393","4.35","C 3.33","2331","1592","347","8205","29185"
"157","Zach Rearden","US","Region 3","Georgia","29","7","10","6","64","14","15","1309","260","3.86","C 3.33","2054","1350","108","1862","61310"
"158","Bill Swyers","CA","Region 2","Canada","121","6","8","8","58","28","16","2933","106","4.22","C 3.33","2362","1250","18","7016","294953"
"159","Enzo Bonito","IT","Region 6","Italy","101","27","4","8","54","42","16","2802","1286","3.8","C 3.32","2057","1317","358","5435","67157"
"160","Jason Brizic","US","Region 3","West","1554","70","9","10","57","311","19","63558","3039","4.29","C 3.31","2037","1278","5708","88210","94126"
"161","Mike D Morrow","US","Region 1","Florida","56","4","6","7","62","19","16","1618","118","4.16","C 3.31","2082","1350","39","3449","145175"
"162","Adam Tams","US","Region 5","Illinois","137","23","7","6","61","58","15","4643","982","4.74","C 3.31","2651","1184","114","8352","145550"
"163","Ethan Bill","US","Region 6","New Jersey","123","20","6","7","44","42","15","2805","563","6.41","C 3.31","2330","1350","202","5424","306193"
"164","Tracey Goossen","US","Region 1","California Club","515","31","10","10","58","125","19","16439","995","4.82","C 3.30","2049","1295","357","29741","79422"
"165","George Arutunyan","RU","Region 4","Central-Eastern Europe","60","3","8","8","57","18","17","1734","88","4.2","C 3.30","2007","1350","70","3426","421458"
"166","Michael Haggar","US","Region 3","Midwest","48","12","5","7","64","19","16","1614","422","4.15","C 3.29","2229","1350","20","3063","209740"
"167","Levi Cox4","US","N/A","Virginias","212","19","8","10","75","63","20","7845","738","4.03","C 3.29","2627","1350","204","15990","301306"
"168","Iago Nogueira","BR","Region 3","Brazil","50","6","6","8","55","16","17","1470","155","4.8","C 3.29","2035","1367","25","2770","402116"
"169","Albert Kaiser","US","Region 2","New York","105","9","7","6","67","26","13","4202","356","2.98","C 3.28","2413","1336","246","7064","56780"
"170","Doug Henson","US","Region 6","Michigan","28","5","7","5","70","12","13","1107","354","3.14","C 3.28","2255","1585","116","1958","131325"
"171","Mitchell Hewitt","AU","Region 1","Australia/NZ","65","17","5","5","63","32","13","1663","547","3.48","C 3.28","2670","1326","140","4105","199074"
"172","Zach Greer","US","Region 3","Midwest","418","34","8","9","52","100","17","13446","1407","4.83","C 3.28","2951","1350","762","21553","202868"
"173","Brendon J Turner","US","Region 5","New England","286","64","6","9","52","115","17","4622","1503","4.15","C 3.26","2505","1350","24","15012","333623"
"174","Matt Brister","US","Region 3","Texas","117","8","12","8","52","32","17","2059","119","3.71","C 3.26","2286","1350","18","6108","347008"
"175","Kevin Vaughn","US","Region 3","Texas","107","13","6","6","58","30","13","3885","340","2.81","C 3.25","2366","1383","209","6242","72528"
"176","Brett Perry","US","Region 1","Mid-South","135","17","7","8","40","41","15","3608","606","4.05","C 3.25","2087","1350","135","5454","344963"
"177","Marco Gabriele Nesi","IT","N/A","Italy","31","9","9","7","50","15","15","834","268","4.61","C 3.24","2001","1299","60","1560","110992"
"178","Brian Doell","CA","Region 2","Canada","94","2","11","9","54","14","17","3795","165","6.21","C 3.24","2098","1290","178","5105","162762"
"179","Jon Puleo","US","Region 5","New England","266","31","7","7","50","74","13","7723","1475","2.72","C 3.24","2016","1350","457","13275","300390"
"180","Kerry Hollingsworth","US","Region 1","Carolina","264","59","7","8","69","129","17","6670","1388","4.42","C 3.24","2726","1350","65","18089","361801"
"181","Brent Allen","US","Region 1","Carolina","194","2","9","10","51","48","18","6851","111","4.12","C 3.24","2217","1350","103","9817","390879"
"182","Jean-Philippe Gendron","CA","Region 2","Canada","43","4","8","8","66","17","18","1270","73","5.77","C 3.23","2246","1350","32","2824","102169"
"183","Alberto Rodríguez","ES","N/A","Iberia","55","3","8","6","59","24","16","1717","140","4.98","C 3.23","2206","1350","18","3235","234868"
"184","Corey Williams","US","Region 1","Carolina","162","19","5","6","71","56","12","4771","825","2.16","C 3.21","2774","1306","70","11451","36790"
"185","Patrick Thomas","US","Region 1","Florida","1081","54","7","8","58","188","14","44716","2876","3.74","C 3.20","2181","1484","1792","62551","29279"
"186","Carie Crenner","US","N/A","New England","1464","76","8","9","41","312","17","48326","3515","6.97","C 3.19","2508","1359","1529","60400","212906"
"187","Frederik Kjeldgaard Jørgensen","DK","Region 7","Scandinavia","52","8","5","6","61","24","16","1693","359","4.29","C 3.19","2048","1350","0","3152","345249"
"188","Vincent Torres","FR","Region 5","France","78","6","9","7","62","26","17","3034","89","3.65","C 3.18","2274","1327","212","4870","281907"
"189","Jack Healy","US","Region 2","California Club","194","9","11","9","40","48","17","3807","190","4.2","C 3.16","2022","1350","228","7722","224044"
"190","Miroslaw Nastalczyk","GB","Region 3","UK and I","48","4","9","7","63","22","17","1335","134","4.13","C 3.16","2288","1228","39","3001","350705"
"191","Matt Smith11","NZ","Region 1","Australia/NZ","51","10","6","6","61","24","16","1450","375","4.41","C 3.14","2194","1350","55","3088","285215"
"192","Scott Phillips","US","Region 2","West","190","24","7","9","59","73","17","5913","1012","4.17","C 3.12","2615","1600","392","11283","23625"
"193","Kyle B Scisco","US","Region 6","New Jersey","636","70","6","8","56","190","15","19269","3381","5.83","C 3.11","2669","1290","2030","35798","110893"
"194","Tony J. Santaclara","ES","Region 4","Iberia","57","7","5","6","74","26","17","1385","102","3.93","C 3.08","2811","1350","73","4228","350268"
"195","Jordan Rae","AU","Region 1","Australia/NZ","297","67","4","5","62","105","12","6885","1826","3.74","C 3.05","2354","1300","785","18285","265406"
"196","Tyler Green7","US","Region 5","New England","64","5","9","9","52","19","18","1893","164","5.8","C 3.05","2003","1350","65","3350","279833"
"197","Chris Daines","GB","Region 3","UK and I","141","21","7","9","67","58","18","4947","776","4.75","C 3.03","2958","1350","575","9402","296453"
"198","James Edwards","US","Region 1","Carolina","963","170","5","5","86","356","11","40034","6816","3.18","C 3.02","2336","982","2759","83001","26053"
"199","Johnny Dressler","US","Region 1","Carolina","884","111","7","7","64","324","14","31336","4780","4.06","C 2.98","2661","1161","2857","56869","142876"
"200","Remi Dupont","FR","N/A","France","183","9","10","9","54","29","16","4897","148","4.19","C 2.98","2232","1339","335","9914","200963"
"201","Peter Sharrocks","GB","N/A","UK and I","124","5","12","8","48","26","16","3187","69","2.52","C 2.96","2273","1264","265","5980","159478"
"202","Jimmy Bigum","DK","Region 7","Scandinavia","19","1","7","6","67","5","15","847","40","2.84","C 2.95","2013","1401","12","1276","39345"
"203","Dave Oliver","AU","Region 1","Australia/NZ","233","8","11","8","64","49","16","6573","169","4.85","C 2.95","2952","1356","547","15019","48161"
"204","Maciek Sakowicz","GB","Region 4","Central-Eastern Europe","63","6","9","7","55","18","15","1551","82","3.62","C 2.95","2105","1350","192","3451","129967"
"205","Jared Annis","US","N/A","New England","415","24","7","9","45","100","18","12846","1141","5.38","C 2.95","2003","1350","632","18558","257542"
"206","Carl Shedd2","US","Region 3","Texas","27","5","8","6","78","13","17","862","101","2.59","C 2.94","2367","1350","70","2110","148536"
"207","Anthony Propst2","US","Region 1","Carolina","30","3","8","6","68","10","15","1035","37","2.67","C 2.94","2210","1340","2","2028","372194"
"208","Tom Hart","GB","Region 3","UK and I","187","22","6","7","51","55","15","4467","621","3.42","C 2.93","2383","1214","28","9591","101284"
"209","Sam Sutton","AU","Region 1","Australia/NZ","143","5","10","8","50","38","16","5003","213","4.03","C 2.93","2072","1304","417","7218","104815"
"210","Nicholas Wren","GB","Region 3","UK and I","43","8","7","7","71","25","19","1231","275","3.6","C 2.93","2461","1350","67","3032","207899"
"211","Christophe Herbigneaux","BE","Region 5","Benelux","34","9","4","6","73","20","18","944","333","4.06","C 2.92","2387","1332","133","2493","335473"
"212","Luke Crouse","CA","N/A","Canada","176","9","7","7","77","39","13","4225","250","2.82","C 2.91","2596","1324","549","13502","194772"
"213","Nick Cummings","NZ","N/A","Australia/NZ","41","4","6","5","59","11","13","995","92","3.02","C 2.89","2279","1325","123","2399","243402"
"214","JuanRa Carrillo","ES","Region 4","Iberia","84","21","5","5","63","42","15","2731","706","3.99","C 2.89","2631","1350","149","5326","392607"
"215","Jason Adams","US","N/A","Texas","23","1","7","6","64","4","15","663","35","2.74","C 2.88","2109","1600","76","1476","38979"
"216","Grant Griesbach","US","Region 3","Midwest","541","33","8","9","59","118","17","19404","1729","5.99","C 2.87","2652","1274","1540","31939","148547"
"217","Marcelo l Canoff","BR","Region 3","Brazil","40","1","10","7","68","13","17","1192","48","3.25","C 2.85","2249","1350","84","2725","240444"
"218","Mike Lliteras","US","Region 1","Florida","93","6","7","7","53","18","12","3481","234","6.05","C 2.84","2188","1285","232","4907","25087"
"219","Steven Hancock","US","Region 1","Mid-South","239","18","6","7","54","53","14","8752","903","3.68","C 2.84","2151","1622","573","12830","102144"
"220","Tamas Buzas","HU","N/A","Central-Eastern Europe","36","2","7","7","64","11","18","1002","63","3.36","C 2.84","2135","1287","159","2289","109855"
"221","Richard Rajchel","US","Region 3","Midwest","140","18","5","7","59","57","16","3760","708","3.53","C 2.84","2375","1310","34","8292","129946"
"222","Gabe Blaisdell","US","Region 1","New York","691","41","10","10","43","176","17","22004","1575","3.96","C 2.84","2519","1313","2096","29875","180012"
"223","Gabriel Azevedo","US","Region 2","California Club","34","3","10","7","62","10","17","1194","10","4.24","C 2.83","2144","1350","58","2123","160013"
"224","Ben Constans","FR","Region 5","France","67","6","8","8","58","22","18","1950","135","4.79","C 2.83","2180","1439","184","3857","239857"
"225","Dariusz Bartoszek","PL","Region 4","Central-Eastern Europe","20","4","5","5","73","7","16","902","243","5.1","C 2.82","2206","543","158","1462","16420"
"226","Alex Millward","GB","Region 3","UK and I","53","5","9","7","57","17","16","1379","91","4.36","C 2.82","2170","1350","58","3044","54657"
"227","Daniel Conway","US","Region 2","Virginias","277","20","9","8","41","67","15","8133","775","5.66","C 2.81","2022","1332","406","11486","112669"
"228","Steven Bird2","GB","Region 3","UK and I","24","3","7","5","76","15","16","625","83","3.92","C 2.81","2278","1350","0","1827","389317"
"229","Mark Sauerbier","DE","Region 2","DE-AT-CH","28","6","9","7","67","13","19","584","84","2.14","C 2.79","2073","1350","58","1866","73281"
"230","André Policastro","BR","Region 3","Brazil","60","2","8","8","63","17","17","2107","17","3.18","C 2.78","2002","1221","29","3776","42866"
"231","Jonathan Johansson","SE","Region 1","Australia/NZ","65","10","8","6","67","20","13","2144","436","2.83","C 2.78","2107","1231","60","4358","47896"
"232","Theo Martin","FI","Region 5","Finland","56","1","5","9","56","20","20","1630","124","4.66","C 2.78","2168","1236","311","3142","134713"
"233","Andrew Wehrli Jr","US","Region 1","New York","315","36","7","8","54","80","15","9245","1484","5.19","C 2.78","2059","1350","927","17112","269199"
"234","Eric Tupper","US","Region 1","Mid-South","330","32","6","7","55","99","13","7169","827","2.79","C 2.77","2444","1350","945","18299","80065"
"235","Gleason Smith","US","N/A","New England","3176","174","10","9","53","581","15","130898","7880","6.4","C 2.76","2473","1361","4708","168401","191583"
"236","Hal McLamb","US","Region 1","Carolina","29","2","9","6","60","7","16","702","10","4.14","C 2.76","2015","1350","23","1738","212084"
"237","Trey W Craig","US","Region 1","Mid-South","631","76","8","8","52","184","16","23597","4314","5.45","C 2.75","2182","1364","2386","32936","46545"
"238","Travis Banks2","US","N/A","Georgia","137","2","8","7","52","21","14","5854","263","3.88","C 2.75","2022","1288","321","7089","175425"
"239","Randy Giroux","CA","Region 2","Canada","76","8","7","7","64","26","15","2197","147","4","C 2.75","2170","1334","128","4860","279136"
"240","Rafael Marquez","ES","Region 4","Iberia","89","6","6","7","72","28","16","2114","132","4.22","C 2.74","2876","1318","66","6440","21538"
"241","Rodrigo Vicente","BR","Region 3","Brazil","531","16","10","9","58","119","17","17361","755","3.34","C 2.74","2755","1302","1632","30900","145037"
"242","Miguel M Freitas","PT","Region 4","Iberia","19","1","8","6","73","7","18","652","21","3.11","C 2.74","2049","1350","49","1394","227079"
"243","Francisco Salazar","ES","Region 4","Iberia","116","8","8","8","56","33","17","3157","132","3.9","C 2.74","2208","1278","6","6529","230074"
"244","Simon Etheridge","GB","Region 3","UK and I","200","4","8","10","59","40","19","9930","508","4.54","C 2.74","2238","1245","718","11845","245810"
"245","Jessie Jensen","US","Region 4","Northwest","86","16","7","6","52","23","13","2860","525","4.35","C 2.73","2113","1345","42","4501","78502"
"246","Jon Newsom","US","Region 1","Mid-South","517","42","6","9","108","160","19","27711","3162","3.39","C 2.72","2249","1375","2623","56057","33329"
"247","Billy Green","US","Region 1","Mid-South","203","9","10","8","33","46","16","5510","290","7.58","C 2.72","2249","1092","184","6764","151219"
"248","Leandro S Schmidt","BR","Region 3","Brazil","234","18","8","10","52","54","18","8106","807","4.54","C 2.71","2178","1356","748","12208","82294"
"249","Reinaldo Llerena","US","N/A","Florida","29","4","8","6","65","16","16","950","124","4.69","C 2.71","2284","1276","71","1888","181242"
"250","Ricky Collard","GB","Region 3","UK and I","84","11","6","8","61","25","16","2736","459","4.56","C 2.71","2243","1304","114","5088","227705"
"251","Michael Kirkham2","AU","Region 1","Australia/NZ","72","11","7","7","51","19","13","1539","303","2.58","C 2.71","2088","1350","146","3681","240676"
"252","Shaun Fricker","AU","N/A","Australia/NZ","51","9","5","6","59","22","14","1207","189","4.14","C 2.71","2171","1279","124","3023","267134"
"253","Coy Pennington","US","Region 3","Texas","60","8","10","8","67","22","16","1495","214","4.13","C 2.71","2309","1350","117","4005","286598"
"254","Ryan Robinson2","US","N/A","California Club","207","37","6","8","67","77","15","5429","1081","2.88","C 2.70","2284","1303","813","13932","215701"
"255","Cody D Griffin","US","Region 1","Carolina","50","19","6","6","58","26","15","1114","412","4.94","C 2.70","2018","1350","12","2916","299648"
"256","Chad A. Kirk","US","Region 2","Virginias","1738","261","8","9","73","599","18","72581","15409","3.72","C 2.69","2503","1238","8192","126507","85682"
"257","Regan Tyler","NZ","Region 1","Australia/NZ","55","9","5","5","61","14","10","1064","190","2.65","C 2.69","2194","1350","174","3371","278739"
"258","Dylan Medicus","US","Region 1","Florida","599","39","9","11","69","144","20","23686","1439","6.32","C 2.69","2741","1350","306","41260","353466"
"259","Billy Rob","US","Region 1","Florida","84","8","10","10","72","27","21","3171","432","4.43","C 2.69","2424","1273","74","6046","362514"
"260","Brett Gardner3","US","Region 1","Mid-South","14","5","5","5","77","10","18","374","152","2.57","C 2.69","2028","1350","8","1081","386269"
"261","Matthew Silveri","US","Region 1","Carolina","323","11","10","8","53","49","14","13171","534","4.06","C 2.68","2134","1431","807","17135","81197"
"262","Bernardo Faria","BR","Region 3","Brazil","377","71","5","8","50","142","17","9548","2567","5.28","C 2.68","2278","1350","252","18835","105833"
"263","Michael Healey","NZ","Region 1","Australia/NZ","22","3","5","5","68","8","12","544","44","2.91","C 2.68","2080","1253","75","1505","173405"
"264","Romano Berinic","HR","N/A","Central-Eastern Europe","51","14","5","6","75","31","16","1462","514","2.86","C 2.68","2410","1280","104","3831","177755"
"265","Daniel Sollo","SE","N/A","Scandinavia","284","8","11","10","57","54","19","10494","521","5.23","C 2.68","2494","1295","2227","16313","216544"
"266","Dwayne Gourley","US","Region 1","Carolina","398","57","5","7","42","108","13","10721","2594","3.45","C 2.67","2118","1365","131","16649","184634"
"267","Yoshio Peguero","US","Region 1","Florida","54","2","8","8","57","13","17","1664","55","5.48","C 2.67","2187","1323","53","3059","259172"
"268","Travis George","CA","Region 2","Canada","746","46","6","8","52","154","14","27198","2224","4.32","C 2.67","2296","1350","925","39027","307928"
"269","Tyler DiVenanzo2","CA","Region 2","Canada","46","16","7","6","90","28","17","1589","431","3.59","C 2.67","2882","1321","96","4122","308464"
"270","Luis Perez Brauer","ES","Region 4","Iberia","18","3","7","6","77","10","19","419","57","3.28","C 2.67","2157","1334","13","1389","382335"
"271","Rick Savage","US","Region 4","Northwest","2894","271","10","9","104","1053","21","228773","24611","3.5","C 2.66","2582","1679","17228","300747","15651"
"272","Lucas Biron","CA","Region 2","Canada","199","12","7","9","61","43","17","5480","390","3.42","C 2.66","2196","1078","501","12101","146630"
"273","Robert Hartrum","US","Region 1","Mid-South","96","22","6","7","50","35","13","2052","556","2.75","C 2.66","2077","1350","306","4772","269604"
"274","Jeffery Town","US","Region 6","Michigan","51","5","8","8","53","15","16","1792","192","4.75","C 2.66","2111","1350","193","2722","422348"
"275","Diego Moraes","BR","Region 3","Brazil","691","16","9","10","74","121","19","25601","1207","3.85","C 2.65","2384","1230","2135","50954","119645"
"276","Javi Plata","ES","N/A","Iberia","80","4","8","10","58","29","20","2018","127","4.85","C 2.65","2183","1269","78","4630","225125"
"277","Brian Dunsmore","US","Region 1","New York","156","6","9","9","54","33","18","5848","222","5.71","C 2.65","2044","1350","160","8360","315652"
"278","Julien Rozet","FR","Region 5","France","27","1","4","5","74","6","10","1044","140","3.04","C 2.64","2024","1431","65","2003","16651"
"279","Eric Jones2","US","Region 2","Virginias","1068","52","9","9","57","252","17","44758","2719","5.02","C 2.64","2320","1688","3487","61137","48649"
"280","Jackson Callow","AU","Region 1","Australia/NZ","166","28","6","8","63","58","16","5771","1017","5.02","C 2.64","2558","1303","801","10460","308947"
"281","Scott Clark2","US","Region 1","California Club","911","64","7","7","60","212","14","37324","3084","3.33","C 2.63","2530","1500","2009","55082","58011"
"282","Scott King2","AU","Region 1","Australia/NZ","62","12","5","5","61","20","12","1575","430","2.81","C 2.63","2187","1350","157","3753","71906"
"283","Jordan Nockolds","AU","Region 1","Australia/NZ","77","16","7","6","69","26","12","1933","315","3.9","C 2.63","2505","1325","299","5333","127706"
"284","Nick Bennett","AU","Region 1","Australia/NZ","165","34","5","6","64","78","14","5574","1449","4.63","C 2.63","2271","1236","41","10587","173145"
"285","Mark Whitley","US","Region 1","Carolina","401","17","8","9","72","87","18","15032","632","3.76","C 2.63","2941","1363","1377","28689","232858"
"286","Matt Vaade","US","Region 2","Midwest","1257","146","7","7","55","346","13","41382","5630","2.95","C 2.62","2808","1308","4039","69624","18530"
"287","James Folds","US","N/A","Virginias","2413","250","6","8","49","621","15","70004","8645","5.22","C 2.62","2069","1304","2637","117430","98595"
"288","Jake Banwell","GB","N/A","UK and I","266","12","9","8","48","58","15","8175","403","3.6","C 2.62","2036","1290","862","12749","141938"
"289","Sergi Heras","ES","Region 4","Iberia","70","6","5","7","61","27","17","1424","67","3.5","C 2.62","2059","1244","0","4258","177295"
"290","Ryan Casteline","US","Region 1","Florida","223","24","8","8","58","62","16","6725","911","3.63","C 2.61","2582","1277","716","12828","65039"
"291","Keith Richey","US","Region 3","West","25","4","4","4","80","10","12","644","103","1.92","C 2.61","2369","1317","130","1989","120395"
"292","Gilles Le Blanc","NL","Region 2","Canada","215","17","8","8","45","50","15","6836","422","3.61","C 2.61","2032","1193","925","9748","242569"
"293","Mark Hicks","US","Region 1","Carolina","56","8","5","6","68","18","14","2287","376","5.54","C 2.61","2505","1418","191","3789","415751"
"294","Ross Banfield","US","N/A","Virginias","230","7","11","10","48","50","20","9364","282","4.3","C 2.60","2483","1311","651","10933","114293"
"295","William J Harrison","GB","Region 3","UK and I","148","9","12","8","51","40","16","2892","140","4.28","C 2.60","2085","1350","27","7601","179802"
"296","Mitchell Ciolac","AU","Region 1","Australia/NZ","197","23","8","8","52","54","17","5854","630","3.95","C 2.60","2470","1265","606","10167","185016"
"297","Chris Taylor11","US","Region 1","Mid-South","805","30","14","10","49","163","18","27618","961","4.8","C 2.60","2068","1350","507","39224","251463"
"298","Thomas O'Regan","GB","Region 3","UK and I","32","3","8","7","73","14","18","1021","121","3.56","C 2.60","2272","1350","33","2335","402780"
"299","John Manley","GB","N/A","UK and I","85","8","8","8","62","22","17","2245","156","3.82","C 2.59","2200","1350","89","5255","193141"
"300","Josue Morado Manriquez","MX","Region 7","Hispanoamérica","83","6","6","6","62","32","15","2531","176","4.66","C 2.58","2205","1350","243","5120","223800"
"301","Carles Alvarez Benedi","ES","N/A","Iberia","106","1","9","10","54","34","20","4124","246","5.11","C 2.58","2169","1362","176","5718","244285"
"302","Alexander Bird","AU","N/A","Australia/NZ","51","6","7","6","70","23","16","1643","360","3.96","C 2.58","2529","1350","158","3563","256071"
"303","Nick Lenney","US","Region 2","Ohio","49","6","6","7","49","18","14","999","119","3.08","C 2.58","2022","1350","171","2408","269154"
"304","Thomas C Carberry","US","Region 6","New Jersey","137","6","8","8","59","20","14","3610","161","3.82","C 2.58","2080","1350","283","8041","276344"
"305","Walker Greene","US","Region 3","Georgia","125","4","10","10","62","24","20","4797","127","5.35","C 2.58","2298","1350","236","7722","378749"
"306","darren Fraser","GB","Region 3","UK and I","91","3","7","8","58","28","17","2677","162","3.81","C 2.57","2088","1350","0","5264","75645"
"307","Josh Piccione","US","Region 3","Indiana","15","6","3","4","76","10","11","554","277","0.93","C 2.57","2074","1370","0","1146","78080"
"308","Ton Van Egmond","NL","Region 5","Benelux","97","9","10","9","51","29","18","2684","222","5.15","C 2.57","2048","1274","298","4982","212992"
"309","Robert Czub","US","Region 2","California Club","553","77","7","8","60","186","15","18089","2585","3.86","C 2.57","2914","1350","1267","33079","352906"
"310","Marco van Straalen","NL","Region 5","Benelux","100","15","7","7","57","27","13","3353","519","2.97","C 2.56","2192","1528","273","5719","64853"
"311","Brett Osmond","US","Region 5","New England","193","19","8","9","50","58","16","5914","954","3.87","C 2.56","2095","1350","202","9578","351455"
"312","Davey Lamont","US","Region 1","Carolina","546","68","6","8","46","143","15","18965","3162","5.23","C 2.55","2260","1332","785","24969","74497"
"313","Weston Newell","US","Region 4","Great Plains","247","12","7","7","65","57","15","6792","303","3.36","C 2.55","2466","1436","800","16024","257233"
"314","Kevin Mulreed","US","Region 5","New England","309","13","9","11","59","64","21","11125","602","5.62","C 2.55","2028","1294","281","18243","319549"
"315","Kyle Hathaway","US","Region 1","New York","64","11","7","7","55","28","16","1449","181","4.28","C 2.55","2101","1285","18","3522","345839"
"316","Derek Cash","US","Region 3","Midwest","986","190","9","8","111","431","17","50844","10729","3.63","C 2.54","2840","1750","5350","109235","20838"
"317","James Floyd III","US","Region 1","Mid-South","3090","265","10","9","87","996","18","131211","10260","3.85","C 2.54","2555","1302","14491","268685","82688"
"318","Mack Bakkum","NL","N/A","Benelux","142","14","8","9","57","47","17","3566","547","3.94","C 2.54","2691","1305","583","8045","116848"
"319","Nathan Norman","AU","Region 1","Australia/NZ","136","9","6","6","74","41","13","3316","314","2.52","C 2.54","2645","1350","547","10130","117777"
"320","Andrew Gilliam","AU","Region 1","Australia/NZ","160","27","6","8","55","52","16","4109","565","4.81","C 2.54","2300","1383","32","8778","178370"
"321","Sam Fitzpatrick","GB","N/A","UK and I","63","8","6","6","59","24","15","1832","165","4.27","C 2.54","2228","1355","21","3736","230733"
"322","Joseph Cipriano2","US","Region 5","New England","76","15","5","6","72","23","12","2567","661","2.25","C 2.53","2076","1340","212","5468","38001"
"323","Simon Zajac","AU","Region 1","Australia/NZ","84","13","5","6","60","31","14","2528","509","3.32","C 2.53","2629","1284","60","5059","141102"
"324","Dan Rasch","US","Region 3","Texas","161","6","8","7","59","22","13","6649","238","3.27","C 2.52","2261","1336","221","9564","37856"
"325","Rocco V Procaccini","US","Region 6","New Jersey","104","2","9","8","59","25","15","3798","180","4.3","C 2.52","2503","1350","782","6089","353226"
"326","Glen Reen","US","Region 7","Massachusetts","122","10","7","7","53","33","13","4754","651","4.94","C 2.51","2031","1209","310","6510","44344"
"327","Cody Dutton","US","Region 2","Virginias","3547","452","10","9","97","1242","19","154910","19066","4.42","C 2.51","2671","1305","18641","342643","65222"
"328","Alex Tunnicliffe","NZ","Region 1","Australia/NZ","57","3","7","6","58","20","15","1782","96","4.49","C 2.51","2186","1350","58","3329","335182"
"329","Justin O'Connor","AU","Region 1","Australia/NZ","497","37","10","9","53","116","16","20738","1496","3.87","C 2.50","2250","1400","1833","26371","50624"
"330","Sonny Cervelli","US","Region 1","California Club","714","124","9","9","48","241","17","20334","4538","4.75","C 2.50","2358","1286","1689","34112","64840"
"331","Victor Bukovetsky","UA","Region 4","Central-Eastern Europe","615","39","9","9","60","151","17","19411","1267","3.66","C 2.50","2387","1289","2599","36705","151553"
"332","Josh Kossek","US","N/A","Carolina","545","87","7","9","43","163","16","14938","3778","6.3","C 2.50","2736","1279","344","23680","257446"
"333","Brent Genner","AU","Region 1","Australia/NZ","45","4","8","7","61","16","16","1177","163","3.76","C 2.50","2090","1350","66","2740","352670"
"334","Ryan Laatsch","US","Region 3","Midwest","726","70","7","9","50","185","16","25355","3186","5.68","C 2.50","2712","1350","676","36344","359393"
"335","Kyle Heckman3","US","Region 1","California Club","290","35","8","8","68","101","16","10754","1752","3.58","C 2.49","2819","1653","1303","19828","41449"
"336","Aiden Maynard","CA","Region 2","Canada","121","12","7","8","39","34","16","3076","519","5.83","C 2.49","2011","1350","64","4718","258381"
"337","Octavio Rondoletto","AR","N/A","Hispanoamérica","684","38","12","11","63","166","21","24694","1224","5.6","C 2.49","2460","1316","3207","42954","284488"
"338","Gines Ruiz Nuñez","ES","N/A","Iberia","48","5","9","8","64","20","18","1282","104","4.44","C 2.49","2124","1350","116","3063","302826"
"339","Artur Vieira","BR","Region 3","Brazil","289","9","8","8","56","55","15","11197","406","4.2","C 2.48","2150","1299","543","16265","52763"
"340","Tanner Berryhill","US","Region 5","Great Plains","154","15","6","6","63","37","12","5658","711","3.73","C 2.48","2160","1398","201","9767","57570"
"341","Kirill Kolobuxov","RU","Region 4","Central-Eastern Europe","40","1","9","8","60","12","18","962","17","4.3","C 2.48","2045","1350","65","2411","329240"
"342","Patrick Hubert","CA","Region 2","Canada","3360","503","7","6","69","1143","13","118198","18060","3.23","C 2.47","2085","1122","10551","233399","90751"
"343","James R Williams","GB","Region 3","UK and I","73","7","7","6","59","20","15","1876","117","3.42","C 2.47","2012","1239","1","4300","104594"
"344","gary Bailey2","GB","N/A","UK and I","435","42","11","9","41","118","16","12883","1546","3.55","C 2.47","2104","1360","1400","17732","106073"
"345","Matias Canapino","AR","N/A","Hispanoamérica","190","26","8","9","47","62","18","4517","815","4.62","C 2.47","2004","1330","195","8906","197077"
"346","Blake Durflinger","US","Region 5","Illinois","286","28","6","7","58","79","13","6119","697","3.05","C 2.47","2392","1350","851","16607","273972"
"347","Rick Redig-Tackman","US","Region 3","Midwest","161","5","8","9","46","29","17","5817","422","5.47","C 2.47","2072","1350","250","7384","297334"
"348","Tyler DeZubay","US","Region 1","Carolina","75","3","9","9","56","20","19","1999","44","3.93","C 2.47","2047","1350","60","4197","310969"
"349","Matt Kingston","CA","N/A","Canada","566","29","11","9","69","108","18","22406","1029","4.1","C 2.46","2546","1360","1929","39156","71652"
"350","Bryson Murray","US","Region 1","Carolina","434","60","7","7","44","114","13","14235","2443","4.52","C 2.46","2043","1335","467","19041","79193"
"351","Olivier Bédard","CA","Region 2","Canada","27","2","8","4","76","14","16","1010","51","4.74","C 2.46","2448","1350","11","2046","82299"
"352","Trey Osborne","US","Region 2","Ohio","285","10","10","9","56","66","17","9229","485","4.51","C 2.46","2626","1168","609","15937","83440"
"353","Alexis Acerbo","AR","N/A","Hispanoamérica","134","10","9","10","56","23","19","4585","394","5.16","C 2.46","2480","1304","273","7483","263362"
"354","Matthew Dula","US","Region 2","Ohio","72","5","8","9","58","17","18","2817","176","5.57","C 2.46","2274","1350","212","4193","395941"
"355","Mike Carr","US","N/A","New Jersey","2197","377","9","11","64","780","20","87229","18851","4.01","C 2.45","2300","1438","12339","139714","75948"
"356","Maximilian Righetti","US","Region 2","Ohio","111","14","6","8","54","39","16","3056","548","4.01","C 2.45","2218","1294","31","5961","218035"
"357","AJ Lewis","AU","Region 1","Australia/NZ","920","91","7","7","50","241","12","27563","3060","3.63","C 2.45","2009","1199","2183","45775","289203"
"358","Kevin Donahue","US","Region 4","Great Plains","490","58","8","8","52","130","15","17470","2460","2.96","C 2.44","2769","1250","1278","25703","47394"
"359","Andrew McLaughlin","US","Region 5","New England","1332","105","7","7","52","344","14","55440","5806","4.71","C 2.44","2083","1320","3089","68671","55636"
"360","Brayden Habermehl","US","Region 2","Ohio","597","37","9","9","67","172","18","17834","965","4.08","C 2.44","2624","1230","1483","40236","200267"
"361","Koen Bevers","BE","Region 5","Benelux","146","9","8","9","53","38","17","5052","293","5.33","C 2.44","2052","1350","154","7771","357916"
"362","Kousuke Takami","JP","Region 7","Asia","22","2","6","6","65","12","16","656","61","4.68","C 2.44","2041","1298","13","1432","359368"
"363","Joel K Chigavazira","AU","Region 1","Australia/NZ","426","22","8","9","54","92","16","12087","773","2.25","C 2.43","2853","1166","1306","22913","176340"
"364","Brandon Setzer","US","Region 1","Carolina","105","18","6","9","73","36","17","3608","756","4.04","C 2.43","2166","1350","342","7636","284393"
"365","Peter J Hutchings","US","Region 1","Mid-South","33","4","8","8","63","13","19","854","75","4.15","C 2.43","2102","1350","15","2092","395909"
"366","Blake Brown","US","Region 3","Midwest","1642","364","8","7","96","819","16","77326","14105","3.6","C 2.42","2169","1562","8842","157689","24652"
"367","Simon Joel Smith","AU","Region 1","Australia/NZ","128","11","7","7","55","46","14","2838","255","3.94","C 2.42","2337","1260","151","7034","163368"
"368","Rikardo R. Galarreta","ES","N/A","Iberia","115","3","8","7","52","19","14","3697","87","3.96","C 2.42","2048","773","55","5988","190782"
"369","ThibauIt Cazaubon","FR","N/A","France","99","15","7","9","62","34","18","2464","414","5.33","C 2.42","2370","1350","184","6132","259949"
"370","Trent Laves","AU","Region 1","Australia/NZ","55","22","4","5","69","29","11","1245","542","2.91","C 2.42","2412","1336","248","3769","272958"
"371","Guillem Escuder","ES","N/A","Iberia","36","2","7","7","63","11","17","1030","27","3.67","C 2.41","2048","1220","30","2271","177954"
"372","Kieran Harrison","GB","Region 3","UK and I","51","13","5","7","64","22","17","1253","308","4.08","C 2.41","2360","1350","69","3254","291217"
"373","Patrick L Solari","US","Region 2","Virginias","27","6","8","6","62","10","16","835","122","4.52","C 2.41","2000","1350","46","1684","323719"
"374","Christopher Bowlin2","US","Region 1","Mid-South","103","12","7","8","48","31","16","3092","508","5.07","C 2.41","2055","1350","74","4949","333924"
"375","Jaime Osborne","US","Region 4","Northwest","27","7","5","6","61","11","15","981","272","3.41","C 2.40","2049","1287","48","1642","164445"
"376","Timo de Graaff","NL","Region 5","Benelux","47","13","6","8","58","22","17","978","334","4.89","C 2.40","2197","1350","76","2731","357702"
"377","Christopher Cooper2","US","Region 1","Carolina","86","9","9","7","63","27","16","2915","271","4.01","C 2.40","2601","1350","31","5448","410928"
"378","Stefan Parsons","US","Region 1","Carolina","149","18","7","10","69","54","19","5104","988","4.67","C 2.39","2249","1293","576","10354","60040"
"379","Justin L Brown","US","N/A","New York","663","122","6","7","55","246","14","18765","4533","3.82","C 2.39","2776","1221","2148","36442","142108"
"380","Devon Peters","CA","N/A","Canada","43","0","9","6","65","10","14","1294","0","3.19","C 2.39","2078","1350","76","2787","163129"
"381","Daniel Helm","US","Region 3","Texas","70","9","7","7","62","30","16","2374","307","3.61","C 2.39","2006","1336","60","4368","257654"
"382","Jordan Valdes2","US","Region 2","Virginias","1120","95","11","10","74","331","19","41684","4979","5.36","C 2.39","2296","1350","1210","82541","328813"
"383","Perry Duvall","US","Region 3","West","711","61","6","8","69","184","15","23779","2751","3.26","C 2.38","2940","1331","2484","49357","33848"
"384","Andrey Grishin","RU","N/A","Central-Eastern Europe","452","6","11","9","54","72","18","15512","189","4.84","C 2.38","2524","1235","836","24408","135035"
"385","Matti Kaidesoja","FI","N/A","Finland","14","4","3","3","79","9","13","490","145","4.14","C 2.38","2114","1288","59","1111","222130"
"386","Garrett Ryan Dorsey","US","Region 4","Pennsylvania","306","9","9","11","78","78","21","11470","559","3.84","C 2.38","2816","1241","1544","23988","255316"
"387","Ryan    Preece","US","Region 5","New England","241","42","10","8","66","81","16","9123","1384","3.91","C 2.37","2061","1339","1234","15876","17984"
"388","Ben Crump","US","Region 4","Great Plains","163","16","8","8","47","58","17","3318","247","4.87","C 2.37","2012","1350","5","7675","228546"
"389","Mason A. Diaz","US","Region 2","Virginias","620","69","7","8","67","186","16","23460","3175","4.83","C 2.36","2948","1220","1966","41311","82790"
"390","Tyler Jordan","US","Region 5","New England","948","51","8","8","52","215","15","32166","2178","4.17","C 2.36","2144","1219","1594","48883","84712"
"391","Blake Rowe","US","Region 6","Michigan","240","17","8","9","75","55","18","8277","641","3.92","C 2.36","2543","1218","875","18038","157361"
"392","Patrick Veenstra","NL","Region 5","Benelux","42","3","7","7","61","18","16","1466","167","5.02","C 2.36","2081","1350","408","2551","315300"
"393","Noel Caceres","ES","Region 4","Iberia","87","7","5","8","60","28","16","2351","248","3.99","C 2.35","2141","1187","158","5229","156721"
"394","Kaleb Montgomery","US","Region 2","California Club","319","21","6","6","82","76","12","7701","541","3.12","C 2.34","2830","1451","1116","26068","268743"
"395","Peter Bürger","BR","N/A","DE-AT-CH","126","5","12","9","61","30","19","3140","129","4.84","C 2.34","2679","1350","33","7678","334418"
"396","Jordan Madren","US","Region 1","Carolina","185","7","8","8","55","49","17","5961","502","5.79","C 2.34","2363","1304","60","10234","379909"
"397","Alexander Trishin","RU","N/A","Central-Eastern Europe","40","1","8","8","60","17","18","913","16","4.63","C 2.33","2005","1350","110","2419","142631"
"398","Cem Bolukbasi","DE","Region 7","International Club","53","5","9","7","60","20","16","1045","91","3.43","C 2.33","2010","1235","0","3163","148387"
"399","Enrique Contreras Torres","MX","Region 7","Mexico","1557","193","9","8","47","466","16","40170","5421","6.93","C 2.33","2262","1301","6925","73512","158299"
"400","Barry Morrison","GB","N/A","UK and I","50","4","8","7","68","20","18","1602","171","6.12","C 2.33","2354","1303","31","3380","203462"
"401","Cor Heim","US","Region 3","Georgia","65","19","7","10","94","33","23","2956","1053","5.18","C 2.33","2939","1350","306","6088","259594"
"402","Richard Allsopp","GB","Region 3","UK and I","80","11","8","10","64","25","20","2314","250","4.3","C 2.33","2015","1365","52","5091","265055"
"403","Michael Hammond","AU","Region 1","Australia/NZ","270","16","10","9","55","63","17","7618","530","4.77","C 2.32","2035","1348","639","14736","50841"
"404","James Jungemann","US","Region 4","Great Plains","234","4","8","9","49","31","15","9090","188","5.84","C 2.32","2067","1338","249","11521","378788"
"405","Bryan Barrett","US","Region 1","Carolina","203","7","9","9","67","42","17","7688","271","3.87","C 2.31","2509","1453","641","13602","63862"
"406","Lando Norris","GB","N/A","UK and I","132","27","8","9","63","57","18","4078","1124","5.1","C 2.31","2545","1320","219","8272","130979"
"407","Samuel Langlois","CA","Region 2","Canada","153","11","8","8","58","36","16","5769","356","5.23","C 2.31","2149","1350","257","8827","271957"
"408","Brian Carber2","US","Region 4","Pennsylvania","42","4","6","7","65","15","15","810","36","3.4","C 2.31","2150","1350","143","2729","281051"
"409","Philip Ellis2","US","Region 1","Florida","422","28","9","8","63","104","16","15182","984","5.18","C 2.30","2253","1291","1044","26433","73671"
"410","Cale Martin","US","Region 1","Carolina","238","17","6","8","49","67","15","8337","1047","4.21","C 2.30","2665","1166","706","11563","199683"
"411","Pablo Villafáñez","HK","Region 4","Iberia","410","30","8","9","39","107","16","10299","1036","5.7","C 2.30","2180","1253","443","16039","200717"
"412","John Andrade III","US","Region 5","New England","665","125","5","6","85","266","14","29445","6401","3.53","C 2.28","2471","1603","2164","56396","34086"
"413","Austin Teras","US","Region 5","New England","695","89","7","7","59","216","14","23651","3238","5.04","C 2.28","2496","1201","1503","41183","206442"
"414","Bud Riedner","US","Region 3","Midwest","98","7","7","8","56","29","16","3314","393","4.13","C 2.28","2066","1350","302","5449","306235"
"415","Jake Kleamovich2","US","Region 5","New England","759","138","8","10","39","223","17","24933","7063","5.38","C 2.28","2127","1350","1229","29640","326368"
"416","Melody McDonough","US","Region 1","Carolina","430","33","9","9","54","100","17","13689","1290","5.2","C 2.28","2832","1350","181","23402","353586"
"417","Josh Tarratt-Hill","US","Region 1","Carolina","145","11","8","8","53","40","15","5828","507","6.34","C 2.28","2444","1350","34","7726","404176"
"418","Travis Petrie","US","Region 1","Florida","118","11","8","7","71","38","15","3649","389","3.25","C 2.27","2774","1350","215","8417","116764"
"419","Matthew L Meech","US","Region 2","California Club","210","30","9","8","98","83","18","12780","2160","4.76","C 2.27","2787","1315","1130","20668","150374"
"420","Andrés Bertoni","UY","Region 7","Hispanoamérica","218","8","9","10","62","54","19","6661","213","4.68","C 2.27","2278","1350","656","13499","282380"
"421","Alex K Graetz","US","Region 6","New Jersey","1379","107","7","9","62","376","17","56231","5716","5.72","C 2.27","2957","1252","5704","86048","291511"
"422","Mark Brumbaugh","US","Region 4","Pennsylvania","305","11","9","8","55","64","15","9256","279","4.62","C 2.26","2154","1290","398","16690","69193"
"423","Eric W Purcell","US","Region 1","Florida","892","164","4","7","74","317","15","37611","10614","4.81","C 2.25","2418","1584","3130","65606","43428"
"424","Luke Cooper","GB","Region 3","UK and I","108","12","4","8","57","34","17","2822","436","4.81","C 2.25","2420","1490","14","6188","114229"
"425","Benn Geleit","GB","N/A","UK and I","150","12","9","9","49","43","16","3736","317","4.01","C 2.25","2017","1350","89","7403","167064"
"426","Colson Bermudez","US","N/A","Mid-South","2370","493","5","8","97","1061","19","93437","26032","3.68","C 2.25","2865","1300","13196","230798","191180"
"427","Tessie Moundros","US","Region 1","Florida","391","36","8","10","51","116","20","14370","1759","6.72","C 2.25","2506","1221","132","19781","365575"
"428","Spencer Hardison","US","Region 1","Carolina","400","24","6","9","40","86","17","10876","1325","6.48","C 2.25","2229","1350","115","15966","366417"
"429","Alex Preciado","US","Region 2","California Club","377","17","10","9","46","73","17","9229","552","4.56","C 2.24","2152","974","452","17492","126984"
"430","Dan Sanger","US","Region 3","Midwest","294","19","10","9","67","72","17","10988","970","3.69","C 2.22","2155","1478","1042","19739","31313"
"431","Christopher Gormley","US","Region 3","Midwest","109","10","8","7","68","34","16","3628","338","4.62","C 2.22","2777","1309","96","7409","119624"
"432","Clayton W Tilley","AU","Region 1","Australia/NZ","268","52","7","7","49","89","14","6350","1391","3.41","C 2.22","2677","1350","933","13208","264654"
"433","Will Rodgers","US","Region 2","California Club","405","64","8","9","49","150","18","11057","2637","4.34","C 2.19","2420","1291","1160","19659","155383"
"434","J N Langille","CA","N/A","Canada","1235","158","6","7","64","397","14","44629","6278","4.73","C 2.19","2399","1342","3780","79195","209007"
"435","Richard Emel","US","Region 4","Pennsylvania","467","56","8","9","49","142","16","14233","2098","4.51","C 2.19","2189","1288","1256","22967","289854"
"436","Shane DeVolder3","US","Region 2","California Club","178","21","6","6","77","50","13","5206","679","4.04","C 2.18","2513","1464","680","13628","265036"
"437","Ross Johnson","US","Region 1","Carolina","374","35","7","9","47","87","17","10796","1307","3.75","C 2.18","2019","1241","57","17520","384746"
"438","Alex Comerlato","BR","Region 3","Brazil","390","42","10","9","58","111","17","14717","1603","3.78","C 2.17","2071","1383","1464","22684","76817"
"439","Tony Campbell","US","Region 5","Illinois","81","2","10","8","53","20","17","2247","94","3.91","C 2.17","2074","1350","8","4264","160139"
"440","Tyler Summerlin2","US","N/A","Georgia","1168","180","7","8","48","373","15","30139","5247","3.93","C 2.17","2571","1166","3254","56415","182620"
"441","Preston Perlmutter","US","N/A","Texas","1517","91","9","9","70","399","18","54757","4370","4.61","C 2.16","2631","1341","4646","106416","143337"
"442","Troy Stevenson","US","Region 2","California Club","135","10","9","9","52","37","17","3437","203","5.44","C 2.15","2148","1350","54","6957","307731"
"443","Robert Johnson19","US","Region 5","Illinois","108","7","6","8","61","30","15","3218","263","4.39","C 2.14","2252","1350","279","6637","250071"
"444","Clint Kelly","US","Region 3","Midwest","228","59","5","6","75","131","16","6540","1774","3.47","C 2.14","2830","1350","168","17100","287384"
"445","Justin Brunner","US","N/A","Indiana","106","12","10","8","54","28","15","3142","346","4.52","C 2.13","2536","1199","250","5744","158780"
"446","Trent Smith5","US","N/A","Carolina","395","25","6","10","61","105","20","16736","1814","5.53","C 2.13","2909","1284","1186","24048","258492"
"447","Jack Kloeber","US","Region 5","Great Plains","66","9","4","6","90","23","12","2212","363","2.44","C 2.12","2615","1241","12","5969","16438"
"448","Roman Wesley","US","Region 1","Mid-South","855","50","8","9","78","209","17","30656","1743","5.57","C 2.12","2970","1535","3423","66593","204954"
"449","Kenneth Hawkins","US","Region 1","New York","436","27","5","7","46","75","13","15663","1538","4.99","C 2.12","2085","1693","883","20174","303059"
"450","Daniel Lafuente","ES","Region 4","Iberia","49","12","5","5","81","34","16","1435","399","6.73","C 2.11","2931","1350","165","3977","282014"
"451","Treyten Lapcevich2","CA","Region 2","Canada","67","12","6","7","82","34","17","2371","596","5.81","C 2.09","2656","1319","222","5516","364390"
"452","Taylor Laskoski","US","Region 1","Florida","1245","67","9","10","65","279","19","43198","2365","4.53","C 2.06","2034","1458","4264","80459","103872"
"453","Brayden Miller","AU","Region 1","Australia/NZ","59","12","5","5","54","23","11","1154","247","4.12","C 2.06","2150","1315","231","3179","268623"
"454","Connor James2","CA","Region 2","Canada","941","87","7","10","60","318","18","33741","3770","5.25","C 2.05","2215","1294","1629","56905","260572"
"455","Alessandro Fior","IT","Region 6","Italy","58","8","6","6","53","15","12","1922","183","5.17","C 2.03","2008","1335","176","3045","22557"
"456","Dylan DeCoster","US","Region 5","New England","275","35","7","8","41","77","14","8340","1434","5.57","C 2.01","2221","1350","246","11348","336707"
"457","Owen Kelly","AU","Region 1","Carolina","521","84","7","8","62","155","15","20904","4943","4.78","C 2.00","2410","1296","2097","32258","23747"
"458","Austin Hill2","US","Region 1","Florida","449","105","7","10","43","166","18","12148","5294","3.39","C 1.81","2749","1311","779","19366","203399"
"459","Brian Burleson","US","Region 2","Virginias","1763","298","6","8","53","623","14","62914","13774","4.87","C 1.67","2037","1350","5343","94138","216652"
"460","Camron Ray","US","Region 1","Florida","685","126","6","8","45","243","16","22114","5925","4.72","C 1.62","2504","1350","2187","30903","231443"
"461","Chase Dixon","US","Region 2","Virginias","326","24","9","9","32","65","15","9306","1148","6.02","C 1.59","2112","1258","567","10442","278182"
"462","Michael Fisher","US","Region 1","Florida","3355","525","5","8","78","1191","16","123953","26816","4.45","C 1.57","2017","1203","11746","261524","49936"
"463","Zac Daniels","US","Region 5","New England","500","53","9","10","53","126","20","19465","2624","7.4","C 1.52","2009","1350","281","26387","328531"
"464","Nikolas Preast","US","Region 1","Carolina","567","41","9","10","43","128","17","19285","1758","5.82","C 1.37","2137","1350","622","24525","294240"
"465","Daniel Silvestri","US","N/A","Virginias","708","100","6","8","64","241","16","24286","4845","5.51","C 1.06","2728","1344","2837","45011","215230"
